"","Res.Df","RSS","Df","Sum of Sq","F","Pr(>F)"
"1",19082,49041.519046403,NA,NA,NA,NA
"2",19081,45331.2322028823,1,3710.28684352071,1561.74848599675,0
