"","Res.Df","RSS","Df","Sum of Sq","F","Pr(>F)"
"1",19621,132250.659924845,NA,NA,NA,NA
"2",19620,121606.497831412,1,10644.1620934326,1717.32978086968,0
