"","Res.Df","RSS","Df","Sum of Sq","F","Pr(>F)"
"1",19620,121606.497831412,NA,NA,NA,NA
"2",19618,102583.407942956,2,19023.0898884566,1818.98313243438,0
