"term","VIF"
"official_videoOfficial_Video",3.02595090798045
"LicensedLicensed",2.94779421575762
"Energy",2.19804513547578
"Acousticness",1.93974023176635
"Danceability",1.6064555712551
"Valence",1.53891612410632
"ln_Days",1.32441515281199
"Instrumentalness",1.22643533036917
"Album_typesingle",1.22462679760808
"ln_Duration",1.10927223123444
"Speechiness",1.10429309549038
"Liveness",1.06857504606455
"Tempo",1.06150797423207
"Album_typecompilation",1.02585968142384
